Roll No,Marks Lab report (Out of 20),Marks Mid-Semester (Out of 40),Total Marks,Total Marks Percentage,Batch
160700,5.5,23.2,28.7,47.833333333333336,Others
170616,3.625,16.0,19.625,32.708333333333336,Others
170232,6.125,23.2,29.325,48.875,Others
170476,14.375,22.4,36.775,61.291666666666664,Others
180689,10.75,28.4,39.15,65.25,Others
180826,7.25,0.0,7.25,12.083333333333334,Others
180027,2.5,30.8,33.3,55.49999999999999,Others
190001,17.875,27.2,45.075,75.125,Y19
190002,18.75,35.6,54.35,90.58333333333333,Y19
190003,16.625,35.2,51.825,86.375,Y19
190004,18.875,37.6,56.475,94.125,Y19
190005,15.75,29.6,45.35,75.58333333333333,Y19
190006,16.75,30.0,46.75,77.91666666666667,Y19
190007,18.875,37.6,56.475,94.125,Y19
190008,15.125,14.4,29.525,49.208333333333336,Y19
190009,19.0,35.2,54.2,90.33333333333333,Y19
190010,16.5,32.4,48.9,81.5,Y19
190011,15.25,33.2,48.45,80.75,Y19
190012,18.875,30.4,49.275,82.125,Y19
190013,13.25,28.8,42.05,70.08333333333333,Y19
190014,13.75,34.0,47.75,79.58333333333333,Y19
190015,14.5,34.4,48.9,81.5,Y19
190016,14.375,0.0,14.375,23.958333333333332,Y19
190017,13.25,28.8,42.05,70.08333333333333,Y19
190018,8.375,0.0,8.375,13.958333333333334,Y19
190019,17.5,33.6,51.1,85.16666666666667,Y19
190020,13.125,31.6,44.725,74.54166666666667,Y19
190021,18.125,34.0,52.125,86.875,Y19
190022,16.25,42.0,58.25,97.08333333333333,Y19
190023,17.875,35.6,53.475,89.125,Y19
190024,17.875,29.6,47.475,79.125,Y19
190025,18.5,36.0,54.5,90.83333333333333,Y19
190026,14.125,34.4,48.525,80.875,Y19
190027,16.625,29.6,46.225,77.04166666666667,Y19
190028,18.75,29.2,47.95,79.91666666666667,Y19
190029,18.25,31.6,49.85,83.08333333333333,Y19
190030,19.0,38.8,57.8,96.33333333333333,Y19
190031,16.0,20.8,36.8,61.33333333333333,Y19
190032,18.125,22.0,40.125,66.875,Y19
190033,18.375,34.0,52.375,87.29166666666667,Y19
190034,14.0,26.0,40.0,66.66666666666667,Y19
190035,15.625,33.2,48.825,81.375,Y19
190036,17.75,18.0,35.75,59.583333333333336,Y19
190037,12.5,34.4,46.9,78.16666666666667,Y19
190038,18.375,28.4,46.775,77.95833333333333,Y19
190039,10.875,30.4,41.275,68.79166666666667,Y19
190040,9.25,21.2,30.45,50.75,Y19
190041,17.75,29.2,46.95,78.25,Y19
190042,14.5,36.4,50.9,84.83333333333333,Y19
190043,15.0,35.2,50.2,83.66666666666667,Y19
190044,14.875,36.4,51.275,85.45833333333333,Y19
190045,19.5,28.8,48.3,80.5,Y19
190046,17.25,35.2,52.45,87.41666666666667,Y19
190047,18.125,27.2,45.325,75.54166666666667,Y19
190048,6.375,33.2,39.575,65.95833333333334,Y19
190049,18.0,34.8,52.8,88.0,Y19
190050,0.0,30.4,30.4,50.666666666666664,Y19
190051,18.5,25.6,44.1,73.5,Y19
190052,11.625,20.8,32.425,54.04166666666666,Y19
190053,0.0,4.4,4.4,7.333333333333334,Y19
190054,4.125,34.0,38.125,63.541666666666664,Y19
190055,18.75,33.2,51.95,86.58333333333333,Y19
190056,18.375,30.4,48.775,81.29166666666667,Y19
190057,19.125,34.8,53.925,89.875,Y19
190058,15.875,38.4,54.275,90.45833333333333,Y19
190059,15.75,25.2,40.95,68.25000000000001,Y19
190060,14.625,33.6,48.225,80.375,Y19
190061,14.5,32.4,46.9,78.16666666666667,Y19
190062,14.125,30.4,44.525,74.20833333333333,Y19
190063,14.0,30.8,44.8,74.66666666666667,Y19
190064,8.125,28.8,36.925,61.54166666666666,Y19
190065,8.5,34.8,43.3,72.16666666666667,Y19
190066,11.0,38.4,49.4,82.33333333333333,Y19
190067,17.75,25.6,43.35,72.25,Y19
190068,16.375,32.4,48.775,81.29166666666667,Y19
190069,18.75,37.6,56.35,93.91666666666667,Y19
190070,15.125,33.6,48.725,81.20833333333333,Y19
190071,10.25,30.4,40.65,67.75,Y19
190072,13.5,32.0,45.5,75.83333333333333,Y19
190073,16.875,29.6,46.475,77.45833333333333,Y19
190074,14.75,36.4,51.15,85.25,Y19
190075,15.625,39.2,54.825,91.375,Y19
190076,15.625,28.8,44.425,74.04166666666667,Y19
190077,18.375,31.6,49.975,83.29166666666667,Y19
190078,16.25,21.6,37.85,63.083333333333336,Y19
190079,16.75,33.6,50.35,83.91666666666667,Y19
190080,17.625,35.6,53.225,88.70833333333333,Y19
190081,18.625,30.0,48.625,81.04166666666667,Y19
190082,15.625,37.2,52.825,88.04166666666667,Y19
190083,14.375,24.0,38.375,63.958333333333336,Y19
190084,16.625,27.2,43.825,73.04166666666667,Y19
190085,18.125,34.4,52.525,87.54166666666667,Y19
190086,18.875,33.6,52.475,87.45833333333333,Y19
190087,13.0,30.4,43.4,72.33333333333333,Y19
190088,18.5,29.2,47.7,79.5,Y19
190089,17.875,32.4,50.275,83.79166666666667,Y19
190090,15.25,31.2,46.45,77.41666666666667,Y19
190091,17.125,29.6,46.725,77.875,Y19
190092,18.0,28.8,46.8,78.0,Y19
190093,18.0,30.0,48.0,80.0,Y19
190094,13.375,16.4,29.775,49.625,Y19
190095,18.75,36.8,55.55,92.58333333333333,Y19
190096,17.75,36.8,54.55,90.91666666666667,Y19
190097,18.25,31.6,49.85,83.08333333333333,Y19
190098,17.625,34.0,51.625,86.04166666666667,Y19
190099,18.5,36.0,54.5,90.83333333333333,Y19
190100,17.875,32.0,49.875,83.125,Y19
190101,12.125,28.4,40.525,67.54166666666667,Y19
190102,14.875,34.8,49.675,82.79166666666667,Y19
190103,17.625,36.0,53.625,89.375,Y19
190104,18.0,22.4,40.4,67.33333333333333,Y19
190105,18.75,35.2,53.95,89.91666666666667,Y19
190107,11.0,30.4,41.4,69.0,Y19
190108,17.75,24.8,42.55,70.91666666666667,Y19
190109,18.625,36.8,55.425,92.375,Y19
190110,17.75,37.6,55.35,92.25,Y19
190111,15.625,33.2,48.825,81.375,Y19
190112,18.125,25.2,43.325,72.20833333333333,Y19
190113,18.375,17.2,35.575,59.29166666666667,Y19
190114,16.625,27.2,43.825,73.04166666666667,Y19
190115,13.75,30.4,44.15,73.58333333333333,Y19
190116,14.75,29.6,44.35,73.91666666666667,Y19
190117,18.25,39.6,57.85,96.41666666666667,Y19
190118,14.625,34.4,49.025,81.70833333333333,Y19
190119,18.875,33.2,52.075,86.79166666666667,Y19
190120,15.5,35.6,51.1,85.16666666666667,Y19
190121,13.0,22.8,35.8,59.66666666666666,Y19
190122,16.625,21.6,38.225,63.708333333333336,Y19
190123,18.75,36.0,54.75,91.25,Y19
190124,17.875,26.0,43.875,73.125,Y19
190125,18.0,24.0,42.0,70.0,Y19
190126,17.5,33.2,50.7,84.5,Y19
190127,15.5,34.4,49.9,83.16666666666667,Y19
190128,15.0,37.2,52.2,87.0,Y19
190129,9.0,30.0,39.0,65.0,Y19
190130,15.5,38.0,53.5,89.16666666666667,Y19
190131,13.875,36.8,50.675,84.45833333333333,Y19
190133,17.875,37.2,55.075,91.79166666666667,Y19
190134,18.25,38.4,56.65,94.41666666666667,Y19
190135,17.0,24.8,41.8,69.66666666666667,Y19
190136,5.125,30.4,35.525,59.208333333333336,Y19
190137,13.875,17.2,31.075,51.791666666666664,Y19
190138,16.25,15.2,31.45,52.416666666666664,Y19
190139,13.25,30.0,43.25,72.08333333333333,Y19
190140,17.75,34.0,51.75,86.25,Y19
190141,9.25,35.2,44.45,74.08333333333333,Y19
190142,5.375,36.0,41.375,68.95833333333333,Y19
190143,19.0,34.8,53.8,89.66666666666667,Y19
190144,16.875,32.0,48.875,81.45833333333333,Y19
190145,19.0,33.6,52.6,87.66666666666667,Y19
190146,16.975,32.8,49.775,82.95833333333333,Y19
190147,15.3,34.8,50.099999999999994,83.49999999999999,Y19
190148,9.025,30.4,39.425,65.70833333333333,Y19
190149,19.5,23.6,43.1,71.83333333333333,Y19
190150,19.45,42.4,61.849999999999994,103.08333333333331,Y19
190151,16.125,38.4,54.525,90.875,Y19
190152,19.375,32.4,51.775,86.29166666666667,Y19
190153,16.25,28.4,44.65,74.41666666666667,Y19
190154,16.375,33.6,49.975,83.29166666666667,Y19
190155,15.75,33.6,49.35,82.25,Y19
190156,18.0,35.6,53.6,89.33333333333333,Y19
190157,15.75,33.2,48.95,81.58333333333333,Y19
190158,15.625,30.8,46.425,77.375,Y19
190159,17.625,32.8,50.425,84.04166666666667,Y19
190160,15.4,37.2,52.6,87.66666666666667,Y19
190161,13.125,20.4,33.525,55.875,Y19
190162,15.45,30.4,45.849999999999994,76.41666666666666,Y19
190164,19.0,32.8,51.8,86.33333333333333,Y19
190165,15.75,34.0,49.75,82.91666666666667,Y19
190166,16.2,28.8,45.0,75.0,Y19
190167,17.375,25.6,42.975,71.625,Y19
190168,18.0,18.0,36.0,60.0,Y19
190169,15.0,28.4,43.4,72.33333333333333,Y19
190170,18.0,34.4,52.4,87.33333333333333,Y19
190171,19.75,31.6,51.35,85.58333333333333,Y19
190172,17.275,27.2,44.474999999999994,74.12499999999999,Y19
190173,15.25,36.4,51.65,86.08333333333333,Y19
190174,15.0,36.4,51.4,85.66666666666667,Y19
190175,17.875,32.8,50.675,84.45833333333333,Y19
190176,16.0,31.6,47.6,79.33333333333333,Y19
190177,17.75,36.4,54.15,90.25,Y19
190178,14.675,29.2,43.875,73.125,Y19
190179,8.0,15.6,23.6,39.333333333333336,Y19
190180,14.1,31.6,45.7,76.16666666666667,Y19
190181,16.6,26.0,42.6,71.0,Y19
190182,16.625,34.4,51.025,85.04166666666667,Y19
190183,14.25,32.8,47.05,78.41666666666667,Y19
190184,16.375,33.2,49.575,82.625,Y19
190185,13.95,36.0,49.95,83.25,Y19
190186,5.625,37.6,43.225,72.04166666666667,Y19
190187,11.0,33.2,44.2,73.66666666666667,Y19
190188,1.5,29.6,31.1,51.833333333333336,Y19
190189,18.125,36.0,54.125,90.20833333333333,Y19
190190,16.375,20.8,37.175,61.95833333333333,Y19
190191,19.0,32.4,51.4,85.66666666666667,Y19
190192,18.125,30.0,48.125,80.20833333333333,Y19
190193,18.55,27.2,45.75,76.25,Y19
190194,17.25,34.8,52.05,86.75,Y19
190195,17.25,36.4,53.65,89.41666666666667,Y19
190196,15.875,31.2,47.075,78.45833333333333,Y19
190197,16.875,29.2,46.075,76.79166666666667,Y19
190198,12.625,32.0,44.625,74.375,Y19
190199,18.5,36.4,54.9,91.5,Y19
190200,16.375,34.4,50.775,84.625,Y19
190201,17.875,33.2,51.075,85.125,Y19
190202,15.75,24.4,40.15,66.91666666666667,Y19
190203,15.25,36.4,51.65,86.08333333333333,Y19
190204,13.625,33.2,46.825,78.04166666666667,Y19
190205,16.75,34.4,51.15,85.25,Y19
190206,17.625,25.2,42.825,71.375,Y19
190207,16.875,32.4,49.275,82.125,Y19
190209,7.625,28.8,36.425,60.70833333333333,Y19
190210,12.5,31.2,43.7,72.83333333333333,Y19
190211,16.75,21.2,37.95,63.25000000000001,Y19
190212,10.5,28.0,38.5,64.16666666666667,Y19
190213,15.375,29.6,44.975,74.95833333333333,Y19
190214,18.25,32.0,50.25,83.75,Y19
190215,16.125,33.2,49.325,82.20833333333333,Y19
190216,5.875,25.6,31.475,52.458333333333336,Y19
190217,15.625,34.8,50.425,84.04166666666667,Y19
190218,5.375,32.0,37.375,62.291666666666664,Y19
190219,15.75,31.2,46.95,78.25,Y19
190220,18.375,30.8,49.175,81.95833333333333,Y19
190221,18.625,33.6,52.225,87.04166666666667,Y19
190222,14.125,29.2,43.325,72.20833333333333,Y19
190223,11.125,35.2,46.325,77.20833333333333,Y19
190224,19.375,30.4,49.775,82.95833333333333,Y19
190225,19.0,32.0,51.0,85.0,Y19
190226,18.0,24.8,42.8,71.33333333333333,Y19
190228,19.25,24.4,43.65,72.75,Y19
190229,14.125,36.8,50.925,84.875,Y19
190230,17.5,33.2,50.7,84.5,Y19
190231,14.5,32.8,47.3,78.83333333333333,Y19
190232,18.625,31.2,49.825,83.04166666666667,Y19
190233,19.0,30.8,49.8,83.0,Y19
190234,16.5,28.8,45.3,75.5,Y19
190235,18.125,30.4,48.525,80.875,Y19
190236,18.375,28.8,47.175,78.625,Y19
190237,19.25,33.2,52.45,87.41666666666667,Y19
190238,13.625,32.0,45.625,76.04166666666667,Y19
190239,16.25,0.0,16.25,27.083333333333332,Y19
190240,18.125,32.8,50.925,84.875,Y19
190241,12.75,28.4,41.15,68.58333333333333,Y19
190242,16.5,31.6,48.1,80.16666666666667,Y19
190243,10.875,32.8,43.675,72.79166666666667,Y19
190244,17.0,35.2,52.2,87.0,Y19
190245,18.875,32.4,51.275,85.45833333333333,Y19
190246,18.375,26.8,45.175,75.29166666666667,Y19
190247,4.0,31.2,35.2,58.66666666666667,Y19
190248,15.8,29.6,45.400000000000006,75.66666666666669,Y19
190249,11.825,21.6,33.425,55.70833333333333,Y19
190250,12.5,10.0,22.5,37.5,Y19
190251,8.25,32.0,40.25,67.08333333333333,Y19
190252,18.375,34.8,53.175,88.625,Y19
190253,15.0625,30.4,45.4625,75.77083333333333,Y19
190254,18.25,32.0,50.25,83.75,Y19
190255,16.25,31.2,47.45,79.08333333333333,Y19
190256,18.0,35.2,53.2,88.66666666666667,Y19
190257,18.625,38.4,57.025,95.04166666666667,Y19
190258,18.375,32.4,50.775,84.625,Y19
190259,14.0,15.6,29.6,49.333333333333336,Y19
190260,17.375,30.0,47.375,78.95833333333333,Y19
190261,17.625,37.2,54.825,91.375,Y19
190262,19.25,26.0,45.25,75.41666666666667,Y19
190263,19.25,24.4,43.65,72.75,Y19
190265,12.625,23.6,36.225,60.375,Y19
190266,17.875,29.6,47.475,79.125,Y19
190267,15.5,33.2,48.7,81.16666666666667,Y19
190268,11.375,11.2,22.575,37.625,Y19
190269,18.125,34.4,52.525,87.54166666666667,Y19
190270,8.5,29.2,37.7,62.83333333333334,Y19
190271,17.5,30.8,48.3,80.5,Y19
190272,15.625,38.4,54.025,90.04166666666667,Y19
190273,7.75,29.2,36.95,61.58333333333334,Y19
190274,17.625,33.2,50.825,84.70833333333333,Y19
190275,18.75,22.0,40.75,67.91666666666667,Y19
190276,8.75,8.4,17.15,28.58333333333333,Y19
190277,18.125,28.8,46.925,78.20833333333333,Y19
190278,16.375,25.6,41.975,69.95833333333333,Y19
190279,19.25,26.4,45.65,76.08333333333333,Y19
190280,11.625,19.6,31.225,52.041666666666664,Y19
190281,18.5,24.0,42.5,70.83333333333333,Y19
190282,18.75,29.6,48.35,80.58333333333333,Y19
190283,18.25,24.0,42.25,70.41666666666667,Y19
190284,13.125,36.4,49.525,82.54166666666667,Y19
190285,18.375,36.4,54.775,91.29166666666667,Y19
190286,11.5,32.4,43.9,73.16666666666667,Y19
190287,6.75,25.6,32.35,53.916666666666664,Y19
190288,18.375,27.2,45.575,75.95833333333333,Y19
190289,19.375,28.4,47.775,79.625,Y19
190290,16.0,34.4,50.4,84.0,Y19
190291,16.875,33.6,50.475,84.125,Y19
190292,13.75,28.0,41.75,69.58333333333333,Y19
190293,18.5,33.2,51.7,86.16666666666667,Y19
190294,13.25,27.6,40.85,68.08333333333333,Y19
190295,13.25,36.0,49.25,82.08333333333333,Y19
190296,18.25,34.4,52.65,87.75,Y19
190297,17.625,29.6,47.225,78.70833333333333,Y19
190298,19.375,35.6,54.975,91.625,Y19
190299,18.0,29.6,47.6,79.33333333333333,Y19
190300,18.125,28.0,46.125,76.875,Y19
190301,17.5,29.2,46.7,77.83333333333333,Y19
190302,18.125,26.0,44.125,73.54166666666667,Y19
190304,17.75,31.2,48.95,81.58333333333333,Y19
190305,18.6875,37.6,56.2875,93.8125,Y19
190306,17.6875,33.6,51.2875,85.47916666666667,Y19
190307,15.75,28.4,44.15,73.58333333333333,Y19
190308,18.625,36.8,55.425,92.375,Y19
190309,17.0,37.2,54.2,90.33333333333333,Y19
190310,16.6875,33.2,49.8875,83.14583333333333,Y19
190311,18.75,31.2,49.95,83.25,Y19
190312,18.0625,34.4,52.4625,87.4375,Y19
190314,11.0,23.2,34.2,57.00000000000001,Y19
190315,11.375,28.4,39.775,66.29166666666667,Y19
190316,14.375,36.8,51.175,85.29166666666667,Y19
190317,14.25,27.6,41.85,69.75,Y19
190318,15.1875,34.4,49.5875,82.64583333333333,Y19
190319,19.375,34.0,53.375,88.95833333333333,Y19
190320,18.625,36.8,55.425,92.375,Y19
190321,18.25,24.0,42.25,70.41666666666667,Y19
190322,17.375,38.4,55.775,92.95833333333333,Y19
190323,18.625,27.6,46.225,77.04166666666667,Y19
190324,18.875,14.8,33.675,56.12499999999999,Y19
190325,17.25,36.4,53.65,89.41666666666667,Y19
190326,18.625,34.4,53.025,88.375,Y19
190327,10.4375,36.4,46.8375,78.0625,Y19
190328,11.625,19.2,30.825,51.375,Y19
190329,16.875,24.0,40.875,68.125,Y19
190330,17.125,36.4,53.525,89.20833333333333,Y19
190331,18.0,28.4,46.4,77.33333333333333,Y19
190332,18.25,27.2,45.45,75.75,Y19
190333,16.375,33.6,49.975,83.29166666666667,Y19
190334,17.375,40.0,57.375,95.625,Y19
190335,15.625,34.0,49.625,82.70833333333333,Y19
190336,19.125,27.2,46.325,77.20833333333333,Y19
190337,16.0,31.2,47.2,78.66666666666667,Y19
190338,18.25,38.0,56.25,93.75,Y19
190339,15.625,30.4,46.025,76.70833333333333,Y19
190340,10.75,33.6,44.35,73.91666666666667,Y19
190341,5.5,35.6,41.1,68.5,Y19
190342,13.0,34.0,47.0,78.33333333333333,Y19
190343,4.375,28.4,32.775,54.625,Y19
190344,16.125,25.2,41.325,68.875,Y19
190345,17.375,28.0,45.375,75.625,Y19
190346,8.875,32.0,40.875,68.125,Y19
190347,18.875,26.4,45.275,75.45833333333333,Y19
190348,19.0,26.0,45.0,75.0,Y19
190349,18.75,33.6,52.35,87.25,Y19
190350,16.625,35.2,51.825,86.375,Y19
190351,9.375,33.6,42.975,71.625,Y19
190352,16.25,29.6,45.85,76.41666666666667,Y19
190353,11.375,37.6,48.975,81.625,Y19
190354,17.375,25.6,42.975,71.625,Y19
190355,18.0,28.0,46.0,76.66666666666667,Y19
190356,16.0,36.4,52.4,87.33333333333333,Y19
190357,3.625,24.8,28.425,47.375,Y19
190358,12.375,28.0,40.375,67.29166666666667,Y19
190359,18.25,29.2,47.45,79.08333333333333,Y19
190360,17.0,25.6,42.6,71.0,Y19
190361,19.125,35.6,54.725,91.20833333333333,Y19
190362,18.5625,31.6,50.1625,83.60416666666667,Y19
190363,17.625,38.0,55.625,92.70833333333333,Y19
190364,15.875,33.2,49.075,81.79166666666667,Y19
190365,18.5,34.0,52.5,87.5,Y19
190366,19.125,36.8,55.925,93.20833333333333,Y19
190367,18.25,36.4,54.65,91.08333333333333,Y19
190368,17.4375,33.2,50.6375,84.39583333333333,Y19
190369,13.875,24.4,38.275,63.791666666666664,Y19
190370,15.75,36.0,51.75,86.25,Y19
190371,18.125,30.0,48.125,80.20833333333333,Y19
190372,19.125,33.6,52.725,87.875,Y19
190373,15.5625,27.6,43.1625,71.9375,Y19
190374,18.625,30.0,48.625,81.04166666666667,Y19
190375,19.25,33.6,52.85,88.08333333333333,Y19
190376,11.25,36.4,47.65,79.41666666666667,Y19
190377,18.5,32.8,51.3,85.5,Y19
190378,18.625,35.2,53.825,89.70833333333333,Y19
190379,12.25,34.4,46.65,77.75,Y19
190380,16.75,33.2,49.95,83.25,Y19
190381,0.0,31.6,31.6,52.666666666666664,Y19
190382,17.625,35.2,52.825,88.04166666666667,Y19
190383,12.375,28.8,41.175,68.625,Y19
190384,18.5,0.0,18.5,30.833333333333332,Y19
190385,15.75,25.2,40.95,68.25000000000001,Y19
190386,5.625,32.8,38.425,64.04166666666666,Y19
190387,17.625,36.0,53.625,89.375,Y19
190388,17.625,35.6,53.225,88.70833333333333,Y19
190389,15.0,37.2,52.2,87.0,Y19
190390,12.1875,36.8,48.9875,81.64583333333333,Y19
190391,14.25,33.2,47.45,79.08333333333333,Y19
190392,17.375,22.8,40.175,66.95833333333333,Y19
190393,16.75,34.0,50.75,84.58333333333333,Y19
190394,18.25,34.4,52.65,87.75,Y19
190395,18.0,35.6,53.6,89.33333333333333,Y19
190396,18.625,38.4,57.025,95.04166666666667,Y19
190397,9.5625,32.8,42.3625,70.60416666666667,Y19
190398,6.5,30.4,36.9,61.5,Y19
190399,17.875,36.4,54.275,90.45833333333333,Y19
190400,13.6875,35.2,48.8875,81.47916666666667,Y19
190401,18.625,32.4,51.025,85.04166666666667,Y19
190402,15.25,36.0,51.25,85.41666666666667,Y19
190403,9.9375,38.0,47.9375,79.89583333333333,Y19
190404,16.0625,34.8,50.8625,84.77083333333333,Y19
190405,19.25,34.4,53.65,89.41666666666667,Y19
190406,17.75,32.4,50.15,83.58333333333333,Y19
190407,15.0,32.8,47.8,79.66666666666667,Y19
190408,18.75,31.6,50.35,83.91666666666667,Y19
190409,18.25,26.8,45.05,75.08333333333333,Y19
190410,19.5,27.2,46.7,77.83333333333333,Y19
190411,18.25,23.2,41.45,69.08333333333333,Y19
190412,16.375,30.4,46.775,77.95833333333333,Y19
190413,17.625,28.8,46.425,77.375,Y19
190414,18.0625,36.0,54.0625,90.10416666666667,Y19
190415,16.25,25.6,41.85,69.75,Y19
190416,10.5,26.0,36.5,60.833333333333336,Y19
190418,14.25,33.6,47.85,79.75,Y19
190419,17.375,16.4,33.775,56.291666666666664,Y19
190420,11.625,38.0,49.625,82.70833333333333,Y19
190421,12.25,32.0,44.25,73.75,Y19
190422,18.0,24.0,42.0,70.0,Y19
190423,15.0625,28.4,43.4625,72.4375,Y19
190424,18.375,34.0,52.375,87.29166666666667,Y19
190425,12.0,30.8,42.8,71.33333333333333,Y19
190426,13.6875,34.0,47.6875,79.47916666666667,Y19
190427,9.75,34.0,43.75,72.91666666666667,Y19
190428,13.25,38.0,51.25,85.41666666666667,Y19
190429,18.375,26.4,44.775,74.625,Y19
190430,19.125,34.4,53.525,89.20833333333333,Y19
190431,16.75,23.2,39.95,66.58333333333334,Y19
190432,10.25,27.2,37.45,62.41666666666667,Y19
190433,19.0,25.2,44.2,73.66666666666667,Y19
190434,18.875,29.2,48.075,80.125,Y19
190435,15.875,32.4,48.275,80.45833333333333,Y19
190436,18.625,34.8,53.425,89.04166666666667,Y19
190437,18.25,34.4,52.65,87.75,Y19
190438,17.75,36.4,54.15,90.25,Y19
190440,18.375,33.2,51.575,85.95833333333333,Y19
190441,12.625,30.4,43.025,71.70833333333333,Y19
190442,15.5625,24.4,39.9625,66.60416666666667,Y19
190443,17.0625,18.8,35.8625,59.77083333333333,Y19
190444,16.125,30.8,46.925,78.20833333333333,Y19
190445,18.75,30.8,49.55,82.58333333333333,Y19
190447,10.0,35.6,45.6,76.0,Y19
190448,17.625,29.6,47.225,78.70833333333333,Y19
190449,18.375,30.0,48.375,80.625,Y19
190450,16.625,35.6,52.225,87.04166666666667,Y19
190451,18.125,24.8,42.925,71.54166666666667,Y19
190452,17.25,34.8,52.05,86.75,Y19
190453,18.5,37.2,55.7,92.83333333333333,Y19
190454,14.625,29.2,43.825,73.04166666666667,Y19
190455,18.6875,28.8,47.4875,79.14583333333333,Y19
190456,17.875,30.0,47.875,79.79166666666667,Y19
190457,19.75,32.8,52.55,87.58333333333333,Y19
190458,15.5625,32.8,48.3625,80.60416666666667,Y19
190459,19.25,29.2,48.45,80.75,Y19
190460,11.625,32.4,44.025,73.375,Y19
190461,15.25,30.8,46.05,76.75,Y19
190462,15.875,30.0,45.875,76.45833333333333,Y19
190463,17.875,35.6,53.475,89.125,Y19
190464,15.4375,28.8,44.2375,73.72916666666667,Y19
190465,20.0,37.6,57.6,96.0,Y19
190466,19.75,36.4,56.15,93.58333333333333,Y19
190467,16.375,30.0,46.375,77.29166666666667,Y19
190468,17.5,35.6,53.1,88.5,Y19
190469,19.875,29.6,49.475,82.45833333333333,Y19
190470,17.75,34.0,51.75,86.25,Y19
190471,19.375,30.8,50.175,83.625,Y19
190472,18.875,36.4,55.275,92.125,Y19
190473,17.25,25.2,42.45,70.75,Y19
190474,16.0,25.6,41.6,69.33333333333333,Y19
190475,15.375,27.2,42.575,70.95833333333333,Y19
190477,19.25,27.2,46.45,77.41666666666667,Y19
190478,19.6875,30.4,50.0875,83.47916666666667,Y19
190479,19.5,32.4,51.9,86.5,Y19
190480,19.375,26.8,46.175,76.95833333333333,Y19
190481,17.4375,27.2,44.6375,74.39583333333333,Y19
190482,14.0,32.8,46.8,78.0,Y19
190483,17.25,32.0,49.25,82.08333333333333,Y19
190484,16.25,34.0,50.25,83.75,Y19
190485,20.0,30.4,50.4,84.0,Y19
190486,17.375,31.2,48.575,80.95833333333333,Y19
190487,19.75,32.8,52.55,87.58333333333333,Y19
190488,18.5,34.4,52.9,88.16666666666667,Y19
190489,13.875,32.0,45.875,76.45833333333333,Y19
190490,17.75,29.6,47.35,78.91666666666667,Y19
190491,15.9375,32.0,47.9375,79.89583333333333,Y19
190492,16.75,29.2,45.95,76.58333333333333,Y19
190493,19.625,35.6,55.225,92.04166666666667,Y19
190495,18.0,38.0,56.0,93.33333333333333,Y19
190496,18.75,22.8,41.55,69.25,Y19
190497,15.5,26.0,41.5,69.16666666666667,Y19
190498,16.1875,30.8,46.9875,78.3125,Y19
190499,19.25,37.2,56.45,94.08333333333333,Y19
190500,14.0,35.6,49.6,82.66666666666667,Y19
190501,16.375,34.4,50.775,84.625,Y19
190502,16.25,34.0,50.25,83.75,Y19
190503,17.25,36.0,53.25,88.75,Y19
190504,14.1875,32.0,46.1875,76.97916666666667,Y19
190505,18.125,22.0,40.125,66.875,Y19
190506,15.8125,27.2,43.0125,71.6875,Y19
190507,12.75,33.2,45.95,76.58333333333333,Y19
190508,19.0,28.4,47.4,79.0,Y19
190509,14.75,29.2,43.95,73.25,Y19
190510,18.0,27.2,45.2,75.33333333333333,Y19
190511,16.625,30.8,47.425,79.04166666666667,Y19
190512,15.375,32.4,47.775,79.625,Y19
190513,15.375,29.2,44.575,74.29166666666667,Y19
190514,19.625,21.2,40.825,68.04166666666667,Y19
190515,19.625,30.8,50.425,84.04166666666667,Y19
190516,13.25,29.2,42.45,70.75,Y19
190517,19.75,24.0,43.75,72.91666666666667,Y19
190518,14.5625,28.0,42.5625,70.9375,Y19
190519,14.25,36.8,51.05,85.08333333333333,Y19
190520,18.625,34.8,53.425,89.04166666666667,Y19
190521,19.5625,31.6,51.1625,85.27083333333333,Y19
190522,16.75,20.8,37.55,62.58333333333333,Y19
190523,9.75,38.4,48.15,80.25,Y19
190524,16.25,31.6,47.85,79.75,Y19
190525,13.3125,31.6,44.9125,74.85416666666667,Y19
190526,8.125,33.2,41.325,68.875,Y19
190527,18.5,37.2,55.7,92.83333333333333,Y19
190528,18.0,35.6,53.6,89.33333333333333,Y19
190529,19.625,31.2,50.825,84.70833333333333,Y19
190530,11.625,24.4,36.025,60.041666666666664,Y19
190531,19.0,29.2,48.2,80.33333333333333,Y19
190532,16.25,32.0,48.25,80.41666666666667,Y19
190533,16.625,26.4,43.025,71.70833333333333,Y19
190534,18.875,26.0,44.875,74.79166666666667,Y19
190535,16.375,22.4,38.775,64.625,Y19
190536,13.375,22.4,35.775,59.625,Y19
190537,17.875,36.0,53.875,89.79166666666667,Y19
190538,16.875,35.6,52.475,87.45833333333333,Y19
190540,18.25,32.4,50.65,84.41666666666667,Y19
190541,15.875,29.2,45.075,75.125,Y19
190542,18.625,37.2,55.825,93.04166666666667,Y19
190544,19.25,30.0,49.25,82.08333333333333,Y19
190545,18.5,30.0,48.5,80.83333333333333,Y19
190546,19.125,30.4,49.525,82.54166666666667,Y19
190547,16.75,36.4,53.15,88.58333333333333,Y19
190548,18.75,33.6,52.35,87.25,Y19
190550,18.875,30.0,48.875,81.45833333333333,Y19
190551,19.0,28.8,47.8,79.66666666666667,Y19
190552,15.375,29.2,44.575,74.29166666666667,Y19
190553,18.875,35.6,54.475,90.79166666666667,Y19
190554,19.0,36.8,55.8,93.0,Y19
190555,19.0,36.0,55.0,91.66666666666667,Y19
190556,16.375,34.4,50.775,84.625,Y19
190557,13.375,18.0,31.375,52.291666666666664,Y19
190558,18.5,30.4,48.9,81.5,Y19
190559,17.875,34.8,52.675,87.79166666666667,Y19
190560,18.625,35.2,53.825,89.70833333333333,Y19
190561,18.0,34.4,52.4,87.33333333333333,Y19
190562,14.25,28.8,43.05,71.75,Y19
190564,18.5,33.6,52.1,86.83333333333333,Y19
190565,19.125,32.4,51.525,85.875,Y19
190566,18.75,32.0,50.75,84.58333333333333,Y19
190567,17.125,37.2,54.325,90.54166666666667,Y19
190568,18.75,36.4,55.15,91.91666666666667,Y19
190569,19.125,34.4,53.525,89.20833333333333,Y19
190570,18.375,29.6,47.975,79.95833333333333,Y19
190571,14.625,24.0,38.625,64.375,Y19
190572,18.875,26.8,45.675,76.125,Y19
190573,19.125,27.6,46.725,77.875,Y19
190574,18.75,35.2,53.95,89.91666666666667,Y19
190575,19.25,21.2,40.45,67.41666666666667,Y19
190576,15.625,26.8,42.425,70.70833333333333,Y19
190577,18.625,25.2,43.825,73.04166666666667,Y19
190578,19.125,26.8,45.925,76.54166666666667,Y19
190579,16.5,34.0,50.5,84.16666666666667,Y19
190580,4.75,33.6,38.35,63.916666666666664,Y19
190581,18.375,36.4,54.775,91.29166666666667,Y19
190582,18.75,37.6,56.35,93.91666666666667,Y19
190583,18.5,28.0,46.5,77.5,Y19
190584,14.25,27.2,41.45,69.08333333333333,Y19
190585,15.5,22.0,37.5,62.5,Y19
190586,17.125,36.4,53.525,89.20833333333333,Y19
190587,16.25,29.2,45.45,75.75,Y19
190588,18.75,36.0,54.75,91.25,Y19
190589,14.0,34.0,48.0,80.0,Y19
190590,18.625,31.6,50.225,83.70833333333333,Y19
190591,17.5,38.8,56.3,93.83333333333333,Y19
190592,5.375,34.0,39.375,65.625,Y19
190593,18.125,26.4,44.525,74.20833333333333,Y19
190594,17.25,31.6,48.85,81.41666666666667,Y19
190595,18.375,29.2,47.575,79.29166666666667,Y19
190596,19.125,27.6,46.725,77.875,Y19
190597,16.0,32.0,48.0,80.0,Y19
190598,18.625,32.0,50.625,84.375,Y19
190599,18.375,20.8,39.175,65.29166666666666,Y19
190600,8.75,35.2,43.95,73.25,Y19
190601,18.75,30.0,48.75,81.25,Y19
190602,14.0,38.4,52.4,87.33333333333333,Y19
190603,17.125,26.0,43.125,71.875,Y19
190604,11.25,31.6,42.85,71.41666666666667,Y19
190605,19.0,28.0,47.0,78.33333333333333,Y19
190606,19.25,30.8,50.05,83.41666666666667,Y19
190607,18.125,33.2,51.325,85.54166666666667,Y19
190608,5.0,32.0,37.0,61.666666666666664,Y19
190609,18.75,36.8,55.55,92.58333333333333,Y19
190610,19.0,33.2,52.2,87.0,Y19
190611,18.0,34.8,52.8,88.0,Y19
190612,19.125,36.0,55.125,91.875,Y19
190613,13.375,36.4,49.775,82.95833333333333,Y19
190614,8.875,37.2,46.075,76.79166666666667,Y19
190615,14.375,21.2,35.575,59.29166666666667,Y19
190616,2.375,39.2,41.575,69.29166666666667,Y19
190617,13.875,15.2,29.075,48.458333333333336,Y19
190618,15.875,34.0,49.875,83.125,Y19
190619,14.375,34.0,48.375,80.625,Y19
190620,18.75,34.8,53.55,89.25,Y19
190621,15.0,24.4,39.4,65.66666666666667,Y19
190622,15.625,30.4,46.025,76.70833333333333,Y19
190623,10.25,36.8,47.05,78.41666666666667,Y19
190624,16.25,31.2,47.45,79.08333333333333,Y19
190625,17.5,23.6,41.1,68.5,Y19
190626,13.375,33.2,46.575,77.625,Y19
190627,16.0,35.2,51.2,85.33333333333333,Y19
190628,13.625,25.2,38.825,64.70833333333334,Y19
190629,14.25,30.0,44.25,73.75,Y19
190630,13.5,34.8,48.3,80.5,Y19
190631,13.875,14.8,28.675,47.791666666666664,Y19
190632,4.5,26.0,30.5,50.833333333333336,Y19
190633,15.875,37.6,53.475,89.125,Y19
190634,17.625,31.6,49.225,82.04166666666667,Y19
190635,17.125,29.6,46.725,77.875,Y19
190636,12.125,32.8,44.925,74.875,Y19
190637,15.75,29.2,44.95,74.91666666666667,Y19
190638,18.5,26.0,44.5,74.16666666666667,Y19
190639,16.125,30.8,46.925,78.20833333333333,Y19
190640,18.375,35.2,53.575,89.29166666666667,Y19
190641,17.875,21.6,39.475,65.79166666666667,Y19
190642,17.0,33.6,50.6,84.33333333333333,Y19
190643,15.5,34.0,49.5,82.5,Y19
190644,16.375,36.0,52.375,87.29166666666667,Y19
190645,3.875,36.4,40.275,67.125,Y19
190646,18.375,18.8,37.175,61.95833333333333,Y19
190647,13.375,27.6,40.975,68.29166666666667,Y19
190648,16.125,33.2,49.325,82.20833333333333,Y19
190649,18.5,32.8,51.3,85.5,Y19
190650,12.875,29.6,42.475,70.79166666666667,Y19
190651,18.5,31.2,49.7,82.83333333333333,Y19
190652,16.25,37.6,53.85,89.75,Y19
190653,17.75,33.2,50.95,84.91666666666667,Y19
190655,13.875,30.0,43.875,73.125,Y19
190656,18.125,36.4,54.525,90.875,Y19
190657,15.375,35.2,50.575,84.29166666666667,Y19
190659,0.0,30.0,30.0,50.0,Y19
190660,17.0,22.4,39.4,65.66666666666667,Y19
190661,10.875,32.8,43.675,72.79166666666667,Y19
190662,18.0,28.8,46.8,78.0,Y19
190663,16.25,36.4,52.65,87.75,Y19
190664,15.375,35.6,50.975,84.95833333333333,Y19
190665,9.5,20.0,29.5,49.166666666666664,Y19
190666,10.125,22.0,32.125,53.541666666666664,Y19
190667,16.5,35.2,51.7,86.16666666666667,Y19
190668,10.625,34.0,44.625,74.375,Y19
190669,16.75,24.0,40.75,67.91666666666667,Y19
190670,14.375,28.0,42.375,70.625,Y19
190672,16.5,35.6,52.1,86.83333333333333,Y19
190673,18.125,34.8,52.925,88.20833333333333,Y19
190674,16.5,30.0,46.5,77.5,Y19
190675,15.875,35.6,51.475,85.79166666666667,Y19
190676,12.875,38.8,51.675,86.125,Y19
190677,15.375,29.6,44.975,74.95833333333333,Y19
190678,15.5,30.8,46.3,77.16666666666667,Y19
190679,13.25,35.6,48.85,81.41666666666667,Y19
190680,13.375,26.4,39.775,66.29166666666667,Y19
190681,13.875,37.6,51.475,85.79166666666667,Y19
190682,17.75,28.4,46.15,76.91666666666667,Y19
190683,14.875,32.8,47.675,79.45833333333333,Y19
190684,16.0,32.8,48.8,81.33333333333333,Y19
190685,18.125,38.0,56.125,93.54166666666667,Y19
190686,14.0,30.4,44.4,74.0,Y19
190687,16.0,28.4,44.4,74.0,Y19
190688,13.25,27.6,40.85,68.08333333333333,Y19
190689,18.5,32.0,50.5,84.16666666666667,Y19
190690,19.0,28.4,47.4,79.0,Y19
190691,16.0,30.0,46.0,76.66666666666667,Y19
190692,18.875,32.8,51.675,86.125,Y19
190693,18.625,34.8,53.425,89.04166666666667,Y19
190694,17.625,31.2,48.825,81.375,Y19
190695,17.625,32.0,49.625,82.70833333333333,Y19
190696,11.875,28.0,39.875,66.45833333333333,Y19
190697,18.5,12.8,31.3,52.166666666666664,Y19
190698,18.625,30.0,48.625,81.04166666666667,Y19
190699,3.25,34.4,37.65,62.75,Y19
190700,17.625,35.6,53.225,88.70833333333333,Y19
190701,18.125,35.2,53.325,88.875,Y19
190702,15.625,31.6,47.225,78.70833333333333,Y19
190703,16.0,35.6,51.6,86.0,Y19
190704,16.875,32.4,49.275,82.125,Y19
190705,17.0,30.0,47.0,78.33333333333333,Y19
190706,14.625,30.8,45.425,75.70833333333333,Y19
190707,16.75,35.6,52.35,87.25,Y19
190708,17.375,32.8,50.175,83.625,Y19
190709,19.375,36.8,56.175,93.625,Y19
190710,16.0,23.2,39.2,65.33333333333334,Y19
190711,11.375,24.4,35.775,59.625,Y19
190712,16.125,38.4,54.525,90.875,Y19
190714,14.5,33.6,48.1,80.16666666666667,Y19
190715,19.125,38.0,57.125,95.20833333333333,Y19
190716,18.75,27.2,45.95,76.58333333333333,Y19
190717,10.375,16.4,26.775,44.625,Y19
190718,14.375,30.8,45.175,75.29166666666667,Y19
190719,16.0,34.4,50.4,84.0,Y19
190720,16.75,30.4,47.15,78.58333333333333,Y19
190721,18.875,37.2,56.075,93.45833333333333,Y19
190722,17.25,26.0,43.25,72.08333333333333,Y19
190725,16.875,15.2,32.075,53.45833333333334,Y19
190726,18.875,36.4,55.275,92.125,Y19
190727,19.5,29.6,49.1,81.83333333333333,Y19
190728,14.5,32.4,46.9,78.16666666666667,Y19
190729,17.625,38.4,56.025,93.375,Y19
190730,16.375,24.8,41.175,68.625,Y19
190731,16.375,32.4,48.775,81.29166666666667,Y19
190732,19.0,24.4,43.4,72.33333333333333,Y19
190733,18.75,32.8,51.55,85.91666666666667,Y19
190734,14.125,20.0,34.125,56.875,Y19
190735,16.875,35.2,52.075,86.79166666666667,Y19
190736,19.0,31.2,50.2,83.66666666666667,Y19
190737,18.625,30.8,49.425,82.375,Y19
190738,18.625,24.0,42.625,71.04166666666667,Y19
190739,16.0,31.6,47.6,79.33333333333333,Y19
190740,19.0,34.4,53.4,89.0,Y19
190741,14.5,30.8,45.3,75.5,Y19
190742,19.0,38.0,57.0,95.0,Y19
190743,18.125,33.2,51.325,85.54166666666667,Y19
190744,14.5,28.8,43.3,72.16666666666667,Y19
190745,19.25,29.6,48.85,81.41666666666667,Y19
190746,18.625,32.4,51.025,85.04166666666667,Y19
190747,18.75,36.8,55.55,92.58333333333333,Y19
190748,18.0,31.6,49.6,82.66666666666667,Y19
190749,18.625,36.8,55.425,92.375,Y19
190750,12.75,32.4,45.15,75.25,Y19
190751,18.875,28.4,47.275,78.79166666666667,Y19
190752,19.25,32.0,51.25,85.41666666666667,Y19
190753,18.625,37.2,55.825,93.04166666666667,Y19
190754,18.5,31.6,50.1,83.5,Y19
190755,19.25,36.8,56.05,93.41666666666667,Y19
190756,18.75,36.0,54.75,91.25,Y19
190757,18.875,21.2,40.075,66.79166666666667,Y19
190758,13.375,32.0,45.375,75.625,Y19
190759,17.0,25.6,42.6,71.0,Y19
190760,19.0,32.8,51.8,86.33333333333333,Y19
190761,16.125,32.4,48.525,80.875,Y19
190762,17.375,24.4,41.775,69.625,Y19
190763,18.75,31.6,50.35,83.91666666666667,Y19
190764,14.125,39.2,53.325,88.875,Y19
190765,15.25,34.8,50.05,83.41666666666667,Y19
190766,12.125,28.8,40.925,68.20833333333333,Y19
190767,18.5,27.6,46.1,76.83333333333333,Y19
190768,14.0,34.4,48.4,80.66666666666667,Y19
190769,18.75,31.2,49.95,83.25,Y19
190770,18.0,31.2,49.2,82.0,Y19
190771,16.75,29.6,46.35,77.25,Y19
190772,12.6875,34.8,47.4875,79.14583333333333,Y19
190773,14.5,36.4,50.9,84.83333333333333,Y19
190774,17.875,34.4,52.275,87.125,Y19
190775,18.3125,22.4,40.7125,67.85416666666667,Y19
190776,17.5,34.0,51.5,85.83333333333333,Y19
190777,13.75,29.6,43.35,72.25,Y19
190778,16.875,36.4,53.275,88.79166666666667,Y19
190779,10.3125,26.0,36.3125,60.520833333333336,Y19
190780,18.875,29.6,48.475,80.79166666666667,Y19
190781,17.875,20.0,37.875,63.125,Y19
190782,14.875,12.0,26.875,44.791666666666664,Y19
190783,18.1875,26.8,44.9875,74.97916666666667,Y19
190784,13.0,27.2,40.2,67.00000000000001,Y19
190785,16.125,24.8,40.925,68.20833333333333,Y19
190786,9.25,29.6,38.85,64.75,Y19
190787,19.75,36.4,56.15,93.58333333333333,Y19
190788,11.4375,23.2,34.6375,57.72916666666667,Y19
190789,14.4375,34.4,48.8375,81.39583333333333,Y19
190790,12.875,28.8,41.675,69.45833333333333,Y19
190792,11.3125,29.2,40.5125,67.52083333333334,Y19
190793,16.8125,0.0,16.8125,28.020833333333332,Y19
190794,15.6875,31.6,47.2875,78.8125,Y19
190795,17.3125,37.6,54.9125,91.52083333333333,Y19
190796,16.875,26.8,43.675,72.79166666666667,Y19
190797,15.9375,32.0,47.9375,79.89583333333333,Y19
190798,15.5625,34.4,49.9625,83.27083333333333,Y19
190799,12.375,31.2,43.575,72.625,Y19
190800,16.8125,24.4,41.2125,68.6875,Y19
190801,12.6875,34.8,47.4875,79.14583333333333,Y19
190802,15.0625,27.2,42.2625,70.4375,Y19
190804,16.875,31.6,48.475,80.79166666666667,Y19
190805,15.9375,34.4,50.3375,83.89583333333333,Y19
190808,13.875,35.6,49.475,82.45833333333333,Y19
190809,12.25,35.6,47.85,79.75,Y19
190810,8.625,34.4,43.025,71.70833333333333,Y19
190811,12.9375,29.2,42.1375,70.22916666666667,Y19
190812,17.8125,28.0,45.8125,76.35416666666667,Y19
190813,18.9375,26.8,45.7375,76.22916666666667,Y19
190814,13.9375,30.8,44.7375,74.5625,Y19
190815,6.625,34.8,41.425,69.04166666666667,Y19
190816,12.625,33.6,46.225,77.04166666666667,Y19
190817,14.8125,30.0,44.8125,74.6875,Y19
190818,16.9375,27.2,44.1375,73.5625,Y19
190819,17.9375,26.8,44.7375,74.5625,Y19
190820,14.0625,31.6,45.6625,76.10416666666667,Y19
190821,15.0625,25.2,40.2625,67.10416666666667,Y19
190822,14.625,24.8,39.425,65.70833333333333,Y19
190823,16.25,30.4,46.65,77.75,Y19
190824,15.1875,20.4,35.5875,59.3125,Y19
190826,14.125,31.6,45.725,76.20833333333333,Y19
190827,13.625,11.6,25.225,42.041666666666664,Y19
190828,14.0,32.4,46.4,77.33333333333333,Y19
190829,14.9375,33.6,48.5375,80.89583333333333,Y19
190830,17.0,26.8,43.8,73.0,Y19
190831,13.875,30.8,44.675,74.45833333333333,Y19
190833,18.0,33.2,51.2,85.33333333333333,Y19
190834,10.9375,35.2,46.1375,76.89583333333333,Y19
190835,17.4375,30.0,47.4375,79.0625,Y19
190836,16.125,25.6,41.725,69.54166666666667,Y19
190837,9.125,31.6,40.725,67.875,Y19
190838,18.0625,26.0,44.0625,73.4375,Y19
190839,18.25,23.2,41.45,69.08333333333333,Y19
190840,16.5,33.2,49.7,82.83333333333333,Y19
190841,12.375,36.0,48.375,80.625,Y19
190842,7.0625,32.4,39.4625,65.77083333333333,Y19
190843,15.1875,30.4,45.5875,75.97916666666667,Y19
190844,19.1875,28.0,47.1875,78.64583333333333,Y19
190845,16.625,32.8,49.425,82.375,Y19
190846,3.5,32.0,35.5,59.166666666666664,Y19
190847,2.5,31.2,33.7,56.16666666666667,Y19
190848,18.9375,34.4,53.3375,88.89583333333333,Y19
190849,16.5625,22.0,38.5625,64.27083333333333,Y19
190851,15.75,21.2,36.95,61.58333333333334,Y19
190852,18.875,33.6,52.475,87.45833333333333,Y19
190853,13.375,28.0,41.375,68.95833333333333,Y19
190854,16.75,36.8,53.55,89.25,Y19
190855,18.6875,29.2,47.8875,79.8125,Y19
190856,8.625,32.0,40.625,67.70833333333333,Y19
190857,15.25,29.2,44.45,74.08333333333333,Y19
190858,18.3125,37.6,55.9125,93.1875,Y19
190859,18.0625,30.4,48.4625,80.77083333333333,Y19
190860,19.0,34.8,53.8,89.66666666666667,Y19
190861,18.4375,30.8,49.2375,82.0625,Y19
190862,18.375,34.0,52.375,87.29166666666667,Y19
190863,17.75,35.2,52.95,88.25,Y19
190864,18.0,30.8,48.8,81.33333333333333,Y19
190865,15.375,33.2,48.575,80.95833333333333,Y19
190866,18.25,29.6,47.85,79.75,Y19
190867,18.875,37.2,56.075,93.45833333333333,Y19
190868,14.9375,37.2,52.1375,86.89583333333333,Y19
190869,18.125,29.6,47.725,79.54166666666667,Y19
190870,4.5,33.2,37.7,62.83333333333334,Y19
190871,11.125,30.8,41.925,69.875,Y19
190872,15.875,31.6,47.475,79.125,Y19
190873,14.9375,28.8,43.7375,72.89583333333333,Y19
190874,15.0625,34.8,49.8625,83.10416666666667,Y19
190875,19.25,26.4,45.65,76.08333333333333,Y19
190876,3.1875,34.0,37.1875,61.979166666666664,Y19
190877,18.0,26.0,44.0,73.33333333333333,Y19
190878,17.75,30.8,48.55,80.91666666666667,Y19
190879,19.125,33.6,52.725,87.875,Y19
190880,16.0625,23.6,39.6625,66.10416666666667,Y19
190881,18.375,32.0,50.375,83.95833333333333,Y19
190882,5.9375,36.8,42.7375,71.22916666666667,Y19
190883,18.4375,32.0,50.4375,84.0625,Y19
190884,13.4375,32.4,45.8375,76.39583333333333,Y19
190885,16.1875,34.4,50.5875,84.3125,Y19
190886,18.25,30.4,48.65,81.08333333333333,Y19
190887,16.5625,16.0,32.5625,54.270833333333336,Y19
190888,16.0625,30.0,46.0625,76.77083333333333,Y19
190889,18.375,29.2,47.575,79.29166666666667,Y19
190890,18.625,24.4,43.025,71.70833333333333,Y19
190891,16.125,32.4,48.525,80.875,Y19
190892,17.6875,30.0,47.6875,79.47916666666667,Y19
190893,18.625,30.8,49.425,82.375,Y19
190894,18.0625,34.0,52.0625,86.77083333333333,Y19
190895,14.375,38.8,53.175,88.625,Y19
190896,13.0,24.8,37.8,62.99999999999999,Y19
190897,14.1875,38.4,52.5875,87.64583333333333,Y19
190898,17.625,26.0,43.625,72.70833333333333,Y19
190899,13.25,26.4,39.65,66.08333333333333,Y19
190900,17.9375,35.2,53.1375,88.5625,Y19
190901,16.5625,38.8,55.3625,92.27083333333333,Y19
190902,19.125,35.2,54.325,90.54166666666667,Y19
190904,14.25,37.6,51.85,86.41666666666667,Y19
190905,18.875,34.0,52.875,88.125,Y19
190906,14.1875,36.4,50.5875,84.3125,Y19
190907,16.4375,29.2,45.6375,76.0625,Y19
190908,19.0625,30.4,49.4625,82.4375,Y19
190909,17.4375,26.0,43.4375,72.39583333333333,Y19
190910,17.625,27.6,45.225,75.375,Y19
190911,17.875,37.2,55.075,91.79166666666667,Y19
190912,17.5625,34.4,51.9625,86.60416666666667,Y19
190913,17.4375,27.6,45.0375,75.0625,Y19
190914,19.375,20.0,39.375,65.625,Y19
190915,18.3125,34.4,52.7125,87.85416666666667,Y19
190916,19.375,38.8,58.175,96.95833333333333,Y19
190917,19.5,34.8,54.3,90.5,Y19
190918,19.0,37.2,56.2,93.66666666666667,Y19
190919,19.3125,38.4,57.7125,96.1875,Y19
190920,16.125,33.6,49.725,82.875,Y19
190921,19.3125,22.0,41.3125,68.85416666666667,Y19
190922,19.875,35.6,55.475,92.45833333333333,Y19
190923,14.1875,32.4,46.5875,77.64583333333333,Y19
190924,18.5,36.8,55.3,92.16666666666667,Y19
190925,19.5625,13.2,32.7625,54.60416666666667,Y19
190926,19.4375,37.2,56.6375,94.39583333333333,Y19
190927,14.75,28.4,43.15,71.91666666666667,Y19
190928,18.625,28.4,47.025,78.375,Y19
190929,19.125,34.8,53.925,89.875,Y19
190930,11.375,38.0,49.375,82.29166666666667,Y19
190931,18.625,33.2,51.825,86.375,Y19
190932,19.0,25.6,44.6,74.33333333333333,Y19
190933,18.625,36.4,55.025,91.70833333333333,Y19
190934,18.75,20.4,39.15,65.25,Y19
190935,18.25,0.0,18.25,30.416666666666668,Y19
190936,19.375,31.6,50.975,84.95833333333333,Y19
190937,0.0,29.2,29.2,48.666666666666664,Y19
190938,19.0,27.2,46.2,77.0,Y19
190939,19.125,35.2,54.325,90.54166666666667,Y19
190940,18.75,30.8,49.55,82.58333333333333,Y19
190941,18.625,36.8,55.425,92.375,Y19
190942,19.375,38.8,58.175,96.95833333333333,Y19
190943,19.125,32.4,51.525,85.875,Y19
190944,16.5,17.2,33.7,56.16666666666667,Y19
190945,11.875,29.2,41.075,68.45833333333333,Y19
190946,14.625,34.0,48.625,81.04166666666667,Y19
190947,15.25,33.6,48.85,81.41666666666667,Y19
190948,19.5,33.6,53.1,88.5,Y19
190949,11.5,26.4,37.9,63.166666666666664,Y19
190950,18.875,34.0,52.875,88.125,Y19
190951,10.25,29.6,39.85,66.41666666666667,Y19
190952,13.75,30.4,44.15,73.58333333333333,Y19
190953,17.125,29.2,46.325,77.20833333333333,Y19
190954,13.875,36.0,49.875,83.125,Y19
190955,18.0,27.2,45.2,75.33333333333333,Y19
190956,16.375,30.8,47.175,78.625,Y19
190957,16.375,36.0,52.375,87.29166666666667,Y19
190958,17.5,36.8,54.3,90.5,Y19
190959,18.25,34.4,52.65,87.75,Y19
190960,18.875,30.4,49.275,82.125,Y19
190961,16.0,36.4,52.4,87.33333333333333,Y19
190962,18.125,31.2,49.325,82.20833333333333,Y19
190963,14.375,28.0,42.375,70.625,Y19
190964,16.375,14.0,30.375,50.625,Y19
190965,16.875,28.8,45.675,76.125,Y19
190966,19.25,28.0,47.25,78.75,Y19
190967,12.875,25.6,38.475,64.125,Y19
190968,16.875,34.0,50.875,84.79166666666667,Y19
190969,18.75,28.8,47.55,79.25,Y19
190970,16.25,22.8,39.05,65.08333333333333,Y19
190971,13.0,30.4,43.4,72.33333333333333,Y19
190972,9.375,19.2,28.575,47.625,Y19
190973,18.875,25.2,44.075,73.45833333333333,Y19
190974,19.5,36.0,55.5,92.5,Y19
190975,18.0,28.8,46.8,78.0,Y19
190976,19.375,31.2,50.575,84.29166666666667,Y19
190977,18.875,27.2,46.075,76.79166666666667,Y19
190978,15.5,28.0,43.5,72.5,Y19
190979,12.0,35.2,47.2,78.66666666666667,Y19
190980,18.5,22.8,41.3,68.83333333333333,Y19
190981,19.25,32.0,51.25,85.41666666666667,Y19
190982,17.625,27.6,45.225,75.375,Y19
190983,12.75,36.8,49.55,82.58333333333333,Y19
190984,16.375,30.8,47.175,78.625,Y19
190985,17.5,28.4,45.9,76.5,Y19
190986,10.875,2.0,12.875,21.458333333333332,Y19
190987,18.875,25.2,44.075,73.45833333333333,Y19
190988,14.25,39.2,53.45,89.08333333333333,Y19
190989,19.375,33.6,52.975,88.29166666666667,Y19
190990,8.875,32.4,41.275,68.79166666666667,Y19
190991,4.5,29.6,34.1,56.833333333333336,Y19
190992,18.625,35.6,54.225,90.375,Y19
190993,16.625,35.6,52.225,87.04166666666667,Y19
190994,14.375,30.8,45.175,75.29166666666667,Y19
190995,17.375,29.2,46.575,77.625,Y19
190997,19.0,33.2,52.2,87.0,Y19
190998,16.75,29.6,46.35,77.25,Y19
190999,13.25,28.0,41.25,68.75,Y19
191000,18.125,33.6,51.725,86.20833333333333,Y19
191175,19.125,31.6,50.725,84.54166666666667,Y19
191176,18.75,34.0,52.75,87.91666666666667,Y19
191177,18.875,27.2,46.075,76.79166666666667,Y19
191178,19.5,35.2,54.7,91.16666666666667,Y19
191179,16.125,36.4,52.525,87.54166666666667,Y19
191180,14.0,22.8,36.8,61.33333333333333,Y19
191181,16.75,24.8,41.55,69.25,Y19
200199,9.75,34.0,43.75,72.91666666666667,Y20
201093,14.125,34.4,48.525,80.875,Y20
200056,15.125,36.0,51.125,85.20833333333333,Y20
200420,13.5,29.2,42.7,71.16666666666667,Y20
200187,15.625,19.2,34.825,58.04166666666667,Y20
200756,19.375,34.4,53.775,89.625,Y20
200842,16.75,27.6,44.35,73.91666666666667,Y20
200700,16.25,14.0,30.25,50.416666666666664,Y20
200672,19.5,26.4,45.9,76.5,Y20
200967,15.125,39.6,54.725,91.20833333333333,Y20
201056,19.375,40.0,59.375,98.95833333333333,Y20
200733,14.625,26.4,41.025,68.375,Y20
200384,14.625,33.2,47.825,79.70833333333333,Y20
201132,17.5,16.8,34.3,57.16666666666666,Y20
200594,6.5,26.0,32.5,54.166666666666664,Y20
200976,17.375,32.0,49.375,82.29166666666667,Y20
201152,18.25,26.4,44.65,74.41666666666667,Y20
200388,12.75,25.6,38.35,63.916666666666664,Y20
200041,19.5,26.0,45.5,75.83333333333333,Y20
200931,17.875,32.4,50.275,83.79166666666667,Y20
201057,19.4375,19.6,39.0375,65.0625,Y20
200264,18.125,33.6,51.725,86.20833333333333,Y20
200237,17.0,34.0,51.0,85.0,Y20
200719,10.375,30.4,40.775,67.95833333333333,Y20
200107,19.25,38.4,57.65,96.08333333333333,Y20
201147,5.875,25.2,31.075,51.791666666666664,Y20
200195,17.0,27.2,44.2,73.66666666666667,Y20
200962,15.375,25.6,40.975,68.29166666666667,Y20
201003,18.5625,25.2,43.7625,72.9375,Y20
200364,13.75,9.2,22.95,38.25,Y20
200662,14.625,35.6,50.225,83.70833333333333,Y20
200691,9.0,35.6,44.6,74.33333333333333,Y20
200210,14.375,30.0,44.375,73.95833333333333,Y20
200029,16.5,25.6,42.1,70.16666666666667,Y20
200614,16.5,27.2,43.7,72.83333333333333,Y20
200808,18.875,30.0,48.875,81.45833333333333,Y20
200781,17.875,27.6,45.475,75.79166666666667,Y20
200607,15.75,22.4,38.15,63.583333333333336,Y20
200126,15.0,32.0,47.0,78.33333333333333,Y20
200579,10.5,16.4,26.9,44.833333333333336,Y20
200517,16.625,23.2,39.825,66.37500000000001,Y20
200266,14.375,22.0,36.375,60.625,Y20
200605,11.75,29.2,40.95,68.25000000000001,Y20
200876,17.0,25.2,42.2,70.33333333333333,Y20
200072,19.125,30.0,49.125,81.875,Y20
201045,18.5625,18.4,36.9625,61.604166666666664,Y20
200545,11.5,34.8,46.3,77.16666666666667,Y20
200752,19.375,35.2,54.575,90.95833333333333,Y20
200125,18.125,29.6,47.725,79.54166666666667,Y20
200205,5.5625,23.2,28.7625,47.9375,Y20
200746,13.75,11.6,25.35,42.25,Y20
200323,17.375,24.0,41.375,68.95833333333333,Y20
200160,18.125,18.4,36.525,60.875,Y20
200226,13.875,38.4,52.275,87.125,Y20
200261,18.875,20.0,38.875,64.79166666666667,Y20
200346,15.125,31.6,46.725,77.875,Y20
200474,10.75,28.4,39.15,65.25,Y20
200655,17.875,19.6,37.475,62.458333333333336,Y20
200268,18.5,20.0,38.5,64.16666666666667,Y20
200964,16.875,23.2,40.075,66.79166666666667,Y20
201008,17.0,24.8,41.8,69.66666666666667,Y20
200434,14.75,32.0,46.75,77.91666666666667,Y20
201067,15.625,34.0,49.625,82.70833333333333,Y20
201102,16.5625,20.8,37.3625,62.27083333333333,Y20
200574,13.25,32.8,46.05,76.75,Y20
200020,18.25,36.0,54.25,90.41666666666667,Y20
200258,19.125,28.8,47.925,79.875,Y20
200185,16.5,33.6,50.1,83.5,Y20
200819,15.625,39.6,55.225,92.04166666666667,Y20
200750,13.25,29.6,42.85,71.41666666666667,Y20
200216,17.0625,38.4,55.4625,92.4375,Y20
200322,12.75,41.2,53.95,89.91666666666667,Y20
200954,5.0,14.0,19.0,31.666666666666668,Y20
200710,19.5,32.4,51.9,86.5,Y20
200501,4.375,31.2,35.575,59.29166666666667,Y20
200238,18.125,31.6,49.725,82.875,Y20
200014,17.75,31.2,48.95,81.58333333333333,Y20
201023,7.9375,26.0,33.9375,56.5625,Y20
200716,15.0,40.0,55.0,91.66666666666667,Y20
200640,18.375,26.4,44.775,74.625,Y20
200417,14.125,30.8,44.925,74.875,Y20
200141,10.75,15.2,25.95,43.25,Y20
201038,14.25,33.2,47.45,79.08333333333333,Y20
201022,12.8125,35.6,48.4125,80.6875,Y20
201061,19.0,26.0,45.0,75.0,Y20
200883,15.25,26.0,41.25,68.75,Y20
200405,15.875,26.0,41.875,69.79166666666667,Y20
201145,10.0,31.2,41.2,68.66666666666667,Y20
200692,15.375,30.4,45.775,76.29166666666667,Y20
201075,12.1875,32.0,44.1875,73.64583333333333,Y20
200249,12.875,30.4,43.275,72.125,Y20
200170,13.25,17.6,30.85,51.416666666666664,Y20
200527,14.125,14.4,28.525,47.541666666666664,Y20
200666,9.25,16.0,25.25,42.083333333333336,Y20
200436,12.25,22.0,34.25,57.083333333333336,Y20
200528,11.125,34.4,45.525,75.875,Y20
200154,19.0,27.6,46.6,77.66666666666667,Y20
200929,14.125,24.8,38.925,64.87499999999999,Y20
200630,15.75,28.4,44.15,73.58333333333333,Y20
200006,19.375,15.2,34.575,57.62500000000001,Y20
200348,16.375,24.0,40.375,67.29166666666667,Y20
201080,14.6875,18.0,32.6875,54.479166666666664,Y20
200821,13.75,25.2,38.95,64.91666666666667,Y20
200880,17.625,34.0,51.625,86.04166666666667,Y20
200958,12.25,24.4,36.65,61.083333333333336,Y20
201134,4.125,28.4,32.525,54.208333333333336,Y20
200639,15.625,34.0,49.625,82.70833333333333,Y20
200497,15.75,0.0,15.75,26.25,Y20
200253,7.625,25.6,33.225,55.375,Y20
200086,16.625,19.2,35.825,59.70833333333334,Y20
200425,13.625,24.0,37.625,62.708333333333336,Y20
200252,11.5,24.0,35.5,59.166666666666664,Y20
200108,19.5,32.4,51.9,86.5,Y20
200585,16.25,18.4,34.65,57.75,Y20
201109,18.625,38.8,57.425,95.70833333333333,Y20
200224,11.375,32.8,44.175,73.625,Y20
201090,12.75,22.4,35.15,58.583333333333336,Y20
200403,15.875,22.8,38.675,64.45833333333333,Y20
200657,16.125,32.0,48.125,80.20833333333333,Y20
200400,10.625,27.2,37.825,63.04166666666667,Y20
200864,13.375,26.0,39.375,65.625,Y20
200402,16.375,29.2,45.575,75.95833333333333,Y20
200312,10.875,22.8,33.675,56.12499999999999,Y20
200055,16.5,29.2,45.7,76.16666666666667,Y20
200111,17.375,26.0,43.375,72.29166666666667,Y20
200315,15.5,26.8,42.3,70.5,Y20
200418,15.125,34.8,49.925,83.20833333333333,Y20
200051,16.25,31.2,47.45,79.08333333333333,Y20
200016,17.5,12.8,30.3,50.5,Y20
200635,18.375,19.2,37.575,62.62500000000001,Y20
200109,9.625,32.8,42.425,70.70833333333333,Y20
201054,13.5,19.6,33.1,55.166666666666664,Y20
200166,15.75,25.2,40.95,68.25000000000001,Y20
200147,16.5,26.8,43.3,72.16666666666667,Y20
200334,17.375,35.2,52.575,87.625,Y20
200577,14.75,24.8,39.55,65.91666666666666,Y20
200598,16.625,20.0,36.625,61.041666666666664,Y20
200810,19.125,27.2,46.325,77.20833333333333,Y20
200960,17.875,22.0,39.875,66.45833333333333,Y20
200861,11.125,33.6,44.725,74.54166666666667,Y20
200786,11.375,24.0,35.375,58.958333333333336,Y20
200565,14.0,27.6,41.6,69.33333333333333,Y20
200788,11.5,22.8,34.3,57.16666666666666,Y20
201009,18.75,27.6,46.35,77.25,Y20
200019,18.625,28.4,47.025,78.375,Y20
200857,10.125,33.2,43.325,72.20833333333333,Y20
200276,11.625,25.2,36.825,61.37500000000001,Y20
200146,18.625,32.0,50.625,84.375,Y20
200523,17.25,18.0,35.25,58.75,Y20
200375,11.0,20.0,31.0,51.666666666666664,Y20
200790,17.625,22.4,40.025,66.70833333333333,Y20
201108,15.375,28.4,43.775,72.95833333333333,Y20
200183,12.875,15.2,28.075,46.791666666666664,Y20
201163,18.0,10.8,28.8,48.0,Y20
201027,15.625,24.8,40.425,67.37499999999999,Y20
200040,16.125,31.6,47.725,79.54166666666667,Y20
200713,12.25,35.2,47.45,79.08333333333333,Y20
200547,7.875,22.8,30.675,51.125,Y20
200274,16.0,37.2,53.2,88.66666666666667,Y20
200909,17.125,30.4,47.525,79.20833333333333,Y20
200275,16.0,20.8,36.8,61.33333333333333,Y20
200778,16.875,36.8,53.675,89.45833333333333,Y20
200337,15.125,30.0,45.125,75.20833333333333,Y20
200162,18.0,39.2,57.2,95.33333333333333,Y20
200951,14.625,30.4,45.025,75.04166666666667,Y20
200005,19.0,29.2,48.2,80.33333333333333,Y20
200191,18.5,24.4,42.9,71.5,Y20
200899,16.625,31.2,47.825,79.70833333333333,Y20
200979,0.0,26.4,26.4,44.0,Y20
200103,15.125,22.8,37.925,63.20833333333333,Y20
200874,14.125,29.2,43.325,72.20833333333333,Y20
200144,19.75,38.8,58.55,97.58333333333333,Y20
200230,18.125,19.6,37.725,62.875,Y20
200050,19.375,32.8,52.175,86.95833333333333,Y20
200479,17.625,30.4,48.025,80.04166666666667,Y20
200934,16.875,24.4,41.275,68.79166666666667,Y20
201082,17.75,32.4,50.15,83.58333333333333,Y20
200305,19.125,24.4,43.525,72.54166666666667,Y20
200437,15.375,17.6,32.975,54.958333333333336,Y20
200952,17.375,26.8,44.175,73.625,Y20
201111,8.5,18.8,27.3,45.5,Y20
201131,15.25,26.4,41.65,69.41666666666667,Y20
200054,11.375,30.8,42.175,70.29166666666667,Y20
200277,18.375,16.4,34.775,57.958333333333336,Y20
200921,7.0,24.8,31.8,53.0,Y20
201035,11.625,29.6,41.225,68.70833333333333,Y20
200652,17.5,24.0,41.5,69.16666666666667,Y20
200935,17.375,32.4,49.775,82.95833333333333,Y20
200854,16.0,26.4,42.4,70.66666666666667,Y20
201120,16.0,26.0,42.0,70.0,Y20
201010,17.125,35.6,52.725,87.875,Y20
201065,17.0625,8.0,25.0625,41.770833333333336,Y20
200943,15.875,30.0,45.875,76.45833333333333,Y20
200846,17.0,29.6,46.6,77.66666666666667,Y20
200751,9.25,18.0,27.25,45.416666666666664,Y20
200742,13.75,22.0,35.75,59.583333333333336,Y20
200105,17.0,33.6,50.6,84.33333333333333,Y20
200680,19.75,31.6,51.35,85.58333333333333,Y20
201074,12.125,33.2,45.325,75.54166666666667,Y20
201107,18.75,32.0,50.75,84.58333333333333,Y20
201014,19.25,16.0,35.25,58.75,Y20
200804,10.875,15.6,26.475,44.125,Y20
200075,18.0,32.0,50.0,83.33333333333333,Y20
200647,12.125,34.4,46.525,77.54166666666667,Y20
200379,8.875,28.8,37.675,62.79166666666666,Y20
200209,18.625,35.2,53.825,89.70833333333333,Y20
201137,14.625,28.0,42.625,71.04166666666667,Y20
200669,11.875,24.0,35.875,59.791666666666664,Y20
200248,15.375,26.8,42.175,70.29166666666667,Y20
201092,11.875,26.8,38.675,64.45833333333333,Y20
200930,15.625,0.0,15.625,26.041666666666668,Y20
200863,16.625,29.6,46.225,77.04166666666667,Y20
200670,2.5,35.2,37.7,62.83333333333334,Y20
200816,19.25,33.6,52.85,88.08333333333333,Y20
200407,4.5,25.6,30.1,50.166666666666664,Y20
200363,9.75,15.2,24.95,41.583333333333336,Y20
201063,14.6875,29.2,43.8875,73.14583333333333,Y20
200351,13.875,31.2,45.075,75.125,Y20
200236,14.25,31.6,45.85,76.41666666666667,Y20
200531,18.625,33.2,51.825,86.375,Y20
200853,17.125,23.6,40.725,67.875,Y20
200083,13.875,33.6,47.475,79.125,Y20
200128,8.875,32.0,40.875,68.125,Y20
201091,18.6875,33.2,51.8875,86.47916666666667,Y20
200654,4.225,30.8,35.025,58.375,Y20
201000,17.5,31.2,48.7,81.16666666666667,Y20
200018,14.875,14.4,29.275,48.791666666666664,Y20
200319,15.5,24.0,39.5,65.83333333333333,Y20
200171,15.0,34.0,49.0,81.66666666666667,Y20
200052,10.0,28.8,38.8,64.66666666666666,Y20
200823,19.0,34.4,53.4,89.0,Y20
200299,17.625,24.4,42.025,70.04166666666667,Y20
200096,19.25,22.8,42.05,70.08333333333333,Y20
200834,16.25,14.0,30.25,50.416666666666664,Y20
200835,14.375,19.6,33.975,56.625,Y20
200152,17.75,30.8,48.55,80.91666666666667,Y20
200644,16.125,31.2,47.325,78.875,Y20
200239,12.75,28.0,40.75,67.91666666666667,Y20
200251,13.5,22.8,36.3,60.49999999999999,Y20
201127,17.5,24.0,41.5,69.16666666666667,Y20
200177,10.125,35.2,45.325,75.54166666666667,Y20
200361,17.75,28.4,46.15,76.91666666666667,Y20
200809,17.375,19.6,36.975,61.625,Y20
200942,17.125,32.4,49.525,82.54166666666667,Y20
200257,17.25,28.0,45.25,75.41666666666667,Y20
200924,11.75,24.4,36.15,60.25,Y20
200524,18.375,32.8,51.175,85.29166666666667,Y20
200381,17.625,33.6,51.225,85.375,Y20
200042,13.875,26.8,40.675,67.79166666666666,Y20
200944,17.375,26.8,44.175,73.625,Y20
200974,17.625,30.0,47.625,79.375,Y20
200132,13.875,29.6,43.475,72.45833333333333,Y20
200093,17.25,22.0,39.25,65.41666666666667,Y20
200988,15.75,32.0,47.75,79.58333333333333,Y20
200300,17.875,25.6,43.475,72.45833333333333,Y20
201100,9.0625,29.6,38.6625,64.4375,Y20
201135,18.25,14.8,33.05,55.08333333333333,Y20
200888,15.0,22.8,37.8,62.99999999999999,Y20
200636,12.75,28.8,41.55,69.25,Y20
201118,18.625,30.0,48.625,81.04166666666667,Y20
200498,16.375,25.2,41.575,69.29166666666667,Y20
201130,6.125,28.0,34.125,56.875,Y20
200021,16.0,31.2,47.2,78.66666666666667,Y20
200127,17.125,29.2,46.325,77.20833333333333,Y20
200290,10.75,34.0,44.75,74.58333333333333,Y20
200682,16.75,34.8,51.55,85.91666666666667,Y20
201034,17.3125,10.0,27.3125,45.520833333333336,Y20
200491,15.625,29.6,45.225,75.375,Y20
201070,16.5,30.0,46.5,77.5,Y20
200217,10.875,29.6,40.475,67.45833333333333,Y20
200690,19.375,23.2,42.575,70.95833333333333,Y20
201164,15.625,36.8,52.425,87.375,Y20
200623,18.875,31.6,50.475,84.125,Y20
200082,6.75,25.6,32.35,53.916666666666664,Y20
200142,14.25,24.0,38.25,63.75,Y20
201153,13.875,29.6,43.475,72.45833333333333,Y20
200250,18.75,24.8,43.55,72.58333333333333,Y20
200068,17.75,21.6,39.35,65.58333333333333,Y20
200090,18.5,20.0,38.5,64.16666666666667,Y20
200767,15.125,24.0,39.125,65.20833333333333,Y20
201048,18.5625,29.6,48.1625,80.27083333333333,Y20
201150,15.875,35.2,51.075,85.125,Y20
200451,15.5,20.0,35.5,59.166666666666664,Y20
200353,14.375,22.4,36.775,61.291666666666664,Y20
201124,7.5,26.8,34.3,57.16666666666666,Y20
200522,16.125,22.4,38.525,64.20833333333333,Y20
200800,13.5,36.0,49.5,82.5,Y20
201136,15.625,26.8,42.425,70.70833333333333,Y20
200734,4.0,25.2,29.2,48.666666666666664,Y20
200868,16.75,23.2,39.95,66.58333333333334,Y20
200764,11.5,30.0,41.5,69.16666666666667,Y20
200233,17.75,29.6,47.35,78.91666666666667,Y20
200755,19.375,32.0,51.375,85.625,Y20
200759,18.125,25.2,43.325,72.20833333333333,Y20
200947,12.0,40.0,52.0,86.66666666666667,Y20
200362,18.25,28.4,46.65,77.75,Y20
200765,19.25,30.4,49.65,82.75,Y20
200308,15.375,29.6,44.975,74.95833333333333,Y20
200959,10.125,10.4,20.525,34.208333333333336,Y20
200557,19.0,27.2,46.2,77.0,Y20
201026,18.9375,15.6,34.5375,57.5625,Y20
200987,15.125,31.6,46.725,77.875,Y20
200173,15.125,26.0,41.125,68.54166666666667,Y20
200294,13.625,27.6,41.225,68.70833333333333,Y20
200932,8.125,33.2,41.325,68.875,Y20
200512,18.75,22.4,41.15,68.58333333333333,Y20
200520,18.25,22.4,40.65,67.75,Y20
201069,17.0,26.8,43.8,73.0,Y20
200113,18.375,27.6,45.975,76.625,Y20
200969,17.0,21.6,38.6,64.33333333333333,Y20
200167,14.375,31.2,45.575,75.95833333333333,Y20
200776,18.875,21.6,40.475,67.45833333333333,Y20
201117,17.625,28.0,45.625,76.04166666666667,Y20
200292,17.625,31.2,48.825,81.375,Y20
200100,18.625,24.8,43.425,72.375,Y20
200758,18.5,38.0,56.5,94.16666666666667,Y20
201171,18.5,31.6,50.1,83.5,Y20
201158,15.25,24.4,39.65,66.08333333333333,Y20
200612,15.625,32.8,48.425,80.70833333333333,Y20
200904,5.75,12.0,17.75,29.583333333333332,Y20
200699,7.5,39.6,47.1,78.5,Y20
200681,18.875,28.4,47.275,78.79166666666667,Y20
200601,10.375,30.8,41.175,68.625,Y20
200493,9.5,21.6,31.1,51.833333333333336,Y20
200131,19.625,2.0,21.625,36.041666666666664,Y20
201042,18.75,28.4,47.15,78.58333333333333,Y20
200169,17.75,28.4,46.15,76.91666666666667,Y20
201028,15.6875,28.4,44.0875,73.47916666666667,Y20
200438,12.25,24.8,37.05,61.74999999999999,Y20
200945,15.5,27.2,42.7,71.16666666666667,Y20
200023,16.625,30.0,46.625,77.70833333333333,Y20
201170,17.75,28.0,45.75,76.25,Y20
200278,16.625,28.8,45.425,75.70833333333333,Y20
200180,18.125,26.4,44.525,74.20833333333333,Y20
200609,17.375,18.4,35.775,59.625,Y20
200439,18.125,31.6,49.725,82.875,Y20
200688,18.0,31.6,49.6,82.66666666666667,Y20
200197,12.25,32.0,44.25,73.75,Y20
200473,17.0,29.6,46.6,77.66666666666667,Y20
200589,17.75,38.0,55.75,92.91666666666667,Y20
200570,7.625,19.2,26.825,44.708333333333336,Y20
200970,15.0,33.6,48.6,81.0,Y20
200347,15.0,18.8,33.8,56.33333333333333,Y20
200933,0.0,0.0,0.0,0.0,Y20
200706,11.5,32.0,43.5,72.5,Y20
200975,15.75,27.6,43.35,72.25,Y20
200118,18.75,28.4,47.15,78.58333333333333,Y20
200452,13.0,20.8,33.8,56.33333333333333,Y20
200937,10.0,24.4,34.4,57.333333333333336,Y20
200696,20.0,24.0,44.0,73.33333333333333,Y20
200102,19.125,28.8,47.925,79.875,Y20
200069,17.625,23.2,40.825,68.04166666666667,Y20
200516,18.0,32.4,50.4,84.0,Y20
200922,12.75,13.2,25.95,43.25,Y20
200822,10.25,33.6,43.85,73.08333333333333,Y20
200862,14.25,22.8,37.05,61.74999999999999,Y20
200747,4.375,31.2,35.575,59.29166666666667,Y20
201123,14.5,21.6,36.1,60.166666666666664,Y20
200814,13.375,26.4,39.775,66.29166666666667,Y20
200983,16.75,29.2,45.95,76.58333333333333,Y20
200890,14.5,32.0,46.5,77.5,Y20
200159,17.375,30.0,47.375,78.95833333333333,Y20
200336,7.0,15.2,22.2,37.0,Y20
201041,16.0,38.8,54.8,91.33333333333333,Y20
200431,11.75,20.8,32.55,54.24999999999999,Y20
200049,11.375,28.4,39.775,66.29166666666667,Y20
200697,18.75,31.6,50.35,83.91666666666667,Y20
200738,19.375,21.6,40.975,68.29166666666667,Y20
200085,17.625,30.8,48.425,80.70833333333333,Y20
200887,17.5,36.0,53.5,89.16666666666667,Y20
200206,8.0,25.6,33.6,56.0,Y20
200957,12.875,25.2,38.075,63.45833333333334,Y20
200271,18.375,28.4,46.775,77.95833333333333,Y20
200176,18.125,34.8,52.925,88.20833333333333,Y20
200378,12.375,35.2,47.575,79.29166666666667,Y20
200222,13.625,21.6,35.225,58.708333333333336,Y20
200426,16.5,30.8,47.3,78.83333333333333,Y20
200708,17.5,0.0,17.5,29.166666666666668,Y20
200332,16.0,37.2,53.2,88.66666666666667,Y20
200476,15.75,36.4,52.15,86.91666666666667,Y20
200660,13.125,31.2,44.325,73.875,Y20
200829,15.0,34.0,49.0,81.66666666666667,Y20
201159,16.375,31.2,47.575,79.29166666666667,Y20
200475,8.5,28.0,36.5,60.833333333333336,Y20
200368,13.375,20.8,34.175,56.95833333333333,Y20
200791,15.625,31.6,47.225,78.70833333333333,Y20
200606,18.0,27.2,45.2,75.33333333333333,Y20
200359,9.375,26.4,35.775,59.625,Y20
200031,16.625,30.8,47.425,79.04166666666667,Y20
200513,13.75,33.2,46.95,78.25,Y20
200340,16.625,30.0,46.625,77.70833333333333,Y20
201081,19.0,29.6,48.6,81.0,Y20
200427,14.875,26.4,41.275,68.79166666666667,Y20
200766,18.625,26.8,45.425,75.70833333333333,Y20
200138,18.75,29.6,48.35,80.58333333333333,Y20
200123,13.875,29.6,43.475,72.45833333333333,Y20
200444,18.25,19.6,37.85,63.083333333333336,Y20
200307,18.5,24.4,42.9,71.5,Y20
200729,13.75,19.6,33.35,55.583333333333336,Y20
200320,13.5,10.0,23.5,39.166666666666664,Y20
200039,19.875,34.4,54.275,90.45833333333333,Y20
200551,13.25,28.8,42.05,70.08333333333333,Y20
201085,2.4375,36.0,38.4375,64.0625,Y20
200827,16.375,28.0,44.375,73.95833333333333,Y20
200044,12.25,22.4,34.65,57.75,Y20
200028,16.75,24.8,41.55,69.25,Y20
200030,15.0,24.4,39.4,65.66666666666667,Y20
200333,12.625,34.8,47.425,79.04166666666667,Y20
200843,8.5,28.8,37.3,62.16666666666666,Y20
200358,16.625,32.0,48.625,81.04166666666667,Y20
200707,4.25,27.2,31.45,52.416666666666664,Y20
200695,11.5,34.4,45.9,76.5,Y20
200965,12.75,31.6,44.35,73.91666666666667,Y20
200447,6.0,26.8,32.8,54.66666666666666,Y20
200010,14.375,28.8,43.175,71.95833333333333,Y20
200095,19.125,28.4,47.525,79.20833333333333,Y20
200798,13.5,28.0,41.5,69.16666666666667,Y20
200267,7.125,12.0,19.125,31.875,Y20
200061,16.25,31.2,47.45,79.08333333333333,Y20
200789,19.25,24.8,44.05,73.41666666666667,Y20
201149,18.25,26.8,45.05,75.08333333333333,Y20
200762,16.5,26.8,43.3,72.16666666666667,Y20
200181,6.25,24.0,30.25,50.416666666666664,Y20
200047,18.25,28.8,47.05,78.41666666666667,Y20
200618,14.0,28.4,42.4,70.66666666666667,Y20
200079,14.5,29.2,43.7,72.83333333333333,Y20
200940,10.125,17.2,27.325,45.541666666666664,Y20
200157,6.125,34.8,40.925,68.20833333333333,Y20
200950,14.75,32.4,47.15,78.58333333333333,Y20
200511,16.875,18.8,35.675,59.45833333333333,Y20
200311,8.25,32.4,40.65,67.75,Y20
200653,16.25,26.8,43.05,71.75,Y20
200193,13.875,28.8,42.675,71.125,Y20
200035,18.25,31.2,49.45,82.41666666666667,Y20
200380,13.875,0.0,13.875,23.125,Y20
200805,15.75,24.0,39.75,66.25,Y20
200342,6.125,17.6,23.725,39.541666666666664,Y20
200406,9.625,33.2,42.825,71.375,Y20
200122,16.625,17.6,34.225,57.041666666666664,Y20
200457,13.5,32.4,45.9,76.5,Y20
200724,15.0,27.2,42.2,70.33333333333333,Y20
200149,14.75,32.8,47.55,79.25,Y20
200071,19.5,22.8,42.3,70.5,Y20
200328,18.0,31.2,49.2,82.0,Y20
200097,7.125,31.2,38.325,63.87500000000001,Y20
200063,14.75,28.0,42.75,71.25,Y20
200678,9.0,32.8,41.8,69.66666666666667,Y20
200694,14.25,29.2,43.45,72.41666666666667,Y20
200386,11.625,30.8,42.425,70.70833333333333,Y20
200012,14.0,36.8,50.8,84.66666666666667,Y20
200793,19.25,31.2,50.45,84.08333333333333,Y20
201160,15.75,31.2,46.95,78.25,Y20
200283,18.25,38.4,56.65,94.41666666666667,Y20
200367,16.5,16.8,33.3,55.49999999999999,Y20
200488,13.375,30.8,44.175,73.625,Y20
201101,9.625,31.2,40.825,68.04166666666667,Y20
200487,12.75,27.2,39.95,66.58333333333334,Y20
201154,18.0,38.0,56.0,93.33333333333333,Y20
200705,19.75,18.0,37.75,62.916666666666664,Y20
200626,14.125,30.0,44.125,73.54166666666667,Y20
200774,18.75,26.8,45.55,75.91666666666667,Y20
200782,16.375,26.0,42.375,70.625,Y20
201037,16.0,22.0,38.0,63.333333333333336,Y20
200324,18.75,34.8,53.55,89.25,Y20
200453,9.0,19.2,28.2,47.0,Y20
200811,18.625,24.4,43.025,71.70833333333333,Y20
200114,19.25,28.4,47.65,79.41666666666667,Y20
200464,11.25,33.2,44.45,74.08333333333333,Y20
200526,14.375,22.0,36.375,60.625,Y20
200847,16.125,28.0,44.125,73.54166666666667,Y20
200369,13.625,20.4,34.025,56.708333333333336,Y20
200156,19.25,33.6,52.85,88.08333333333333,Y20
200571,13.625,27.6,41.225,68.70833333333333,Y20
200869,16.375,24.4,40.775,67.95833333333333,Y20
200273,10.75,18.8,29.55,49.25,Y20
200514,13.375,40.4,53.775,89.625,Y20
200877,17.25,34.0,51.25,85.41666666666667,Y20
201129,12.625,31.2,43.825,73.04166666666667,Y20
200543,17.0,28.4,45.4,75.66666666666667,Y20
200110,18.375,20.0,38.375,63.958333333333336,Y20
200421,15.375,20.8,36.175,60.29166666666666,Y20
200941,14.75,25.2,39.95,66.58333333333334,Y20
200184,18.875,22.0,40.875,68.125,Y20
201001,17.125,29.6,46.725,77.875,Y20
200509,17.75,35.6,53.35,88.91666666666667,Y20
200223,0.0,18.4,18.4,30.666666666666664,Y20
200484,16.0,30.0,46.0,76.66666666666667,Y20
201002,6.75,0.0,6.75,11.25,Y20
200502,9.75,33.6,43.35,72.25,Y20
200604,13.375,26.0,39.375,65.625,Y20
200298,14.875,28.8,43.675,72.79166666666667,Y20
201099,18.0625,32.4,50.4625,84.10416666666667,Y20
200613,17.75,30.8,48.55,80.91666666666667,Y20
200355,17.875,38.8,56.675,94.45833333333333,Y20
200459,18.25,35.6,53.85,89.75,Y20
200773,19.0,36.4,55.4,92.33333333333333,Y20
200458,13.375,32.4,45.775,76.29166666666667,Y20
200489,18.375,33.2,51.575,85.95833333333333,Y20
200211,12.875,25.6,38.475,64.125,Y20
200269,18.375,30.4,48.775,81.29166666666667,Y20
200928,14.125,22.8,36.925,61.54166666666666,Y20
200394,15.875,20.8,36.675,61.12499999999999,Y20
200456,13.5,28.4,41.9,69.83333333333333,Y20
200376,18.5,32.4,50.9,84.83333333333333,Y20
200485,14.75,33.6,48.35,80.58333333333333,Y20
200288,18.5,20.8,39.3,65.49999999999999,Y20
200918,5.375,28.0,33.375,55.625,Y20
200679,13.5,26.4,39.9,66.5,Y20
200649,12.875,20.4,33.275,55.458333333333336,Y20
200345,13.625,25.2,38.825,64.70833333333334,Y20
200867,3.5,26.0,29.5,49.166666666666664,Y20
200228,17.25,23.6,40.85,68.08333333333333,Y20
200610,12.75,26.4,39.15,65.25,Y20
200048,18.0,17.6,35.6,59.333333333333336,Y20
201113,13.0,14.8,27.8,46.333333333333336,Y20
200871,7.875,23.6,31.475,52.458333333333336,Y20
200837,8.125,22.4,30.525,50.875,Y20
200689,18.25,22.0,40.25,67.08333333333333,Y20
200302,14.5,26.8,41.3,68.83333333333333,Y20
200757,18.625,14.8,33.425,55.70833333333333,Y20
200824,7.625,27.2,34.825,58.04166666666667,Y20
200770,17.625,18.0,35.625,59.375,Y20
200806,19.5,28.0,47.5,79.16666666666667,Y20
200885,12.375,26.4,38.775,64.625,Y20
200192,13.625,30.0,43.625,72.70833333333333,Y20
200769,14.125,32.4,46.525,77.54166666666667,Y20
200576,14.375,12.8,27.175,45.291666666666664,Y20
201162,18.0,33.2,51.2,85.33333333333333,Y20
18817528,6.75,27.2,33.95,56.58333333333334,Others
